,price,titles
0,27.99,Soutien-gorge emboîtant en dentelle
1,27.99,Soutien-gorge corbeille en tulle brodé
2,14.99,Soutien-gorge bustier sans armatures
3,14.99,Shorty taille haute en dentelle
4,12.59,Tanga en tulle brodé
5,9.99,Culotte haute en dentelle
6,34.99,"Pyjama 2 pièces, manches longues"
7,34.99,"Pyjama style ""grand-père"" 2 pièces"
8,31.49,Pyjama 3 pièces
9,27.99,Soutien-gorge minimiseur tulle brodé
10,27.99,Soutien-gorge emboîtant
11,27.99,Soutien-gorge triangle en guipure
12,17.49,Culotte haute
13,17.49,Culotte haute dentelle
14,15.99,Slip en guipure et microfibre
15,21.44,"Pyjama imprimé 2 pièces, manches courtes"
16,27.99,Pyjashort rayé 100% coton
17,24.49,Pyjacourt
18,27.0,Soutien-gorge emboitant foulard Beauty lift
19,44.0,Soutien-gorge minimiser Shape Sensation
20,13.0,"Slip midi GENEROUS, femme"
21,13.0,Slip ligne Beauty Lift
22,21.6,Culotte sculptante SHAPE SENSATION
23,17.24,Liquette rayée
24,29.99,Liquette manches longues
25,22.49,Liquette en coton
26,24.99,Pyjashort manches 3/4
27,17.24,Chemise de nuit
28,14.99,Pyjashort coton
29,22.49,Soutien-gorge en dentelle
30,22.49,Soutien-gorge corbeille brodé
31,22.49,Soutien-gorge corbeille brodé
32,10.39,String en dentelle
33,13.49,Slip en tulle brodé
34,14.99,Porte-jarretelle brodé
35,6.49,Soutien-gorge triangle sans armatures
36,8.44,Soutien-gorge triangle sans armatures
37,7.49,Soutien-gorge ampliforme
38,7.79,"Slip en tulle, lot de 2"
39,7.79,Slip en tulle (lot de 2)
40,7.14,Slip dentelle et tulle (lot de 2)
41,18.74,Soutien-gorge foulard en dentelle
42,17.99,Soutien-gorge emboîtant brodé
43,17.99,Soutien-gorge push-up
44,11.24,Shorty-string dentelle et tulle
45,13.98,Le slip MINIFIQUE (lot de 2)
46,12.98,Slip en microfibre (lot de 2)
47,29.99,Guépière en dentelle et tulle
48,34.99,Body dentelle et microfibre
49,23.99,Body sans armatures en tulle
50,19.59,Pyjama imprimé carreaux 2 pièces
51,26.24,Pyjama 2 pièces
52,25.99,Pyjama grand-père imprimé
53,17.99,Soutien-gorge push-up
54,14.99,Soutien-gorge ampliforme en microfibre
55,18.74,Soutien-gorge push-up en dentelle
56,12.98,Slip en microfibre et dentelle (lot de 2)
57,12.98,Slip microfibre imprimé (lot de 2)
58,10.39,String en tulle et dentelle
59,12.0,Soutien-gorge corbeille en dentelle
60,17.99,Soutien-gorge corbeille en dentelle
61,17.99,Soutien-gorge triangle sans armatures
62,8.99,Shorty-string en dentelle
63,8.99,Slip en microfibre imprimée
64,8.99,Slip en dentelle
65,29.99,Nuisette détail dentelle
66,14.99,Nuisette rayée
67,18.74,Nuisette imprimée
68,38.24,Pyjama 3 pièces
69,17.49,Pyjama satin imprimé
70,26.99,Pyjama 3 pièces en satin
71,14.4,Soutien-gorge triangle sans marmatures Mod
72,27.2,Soutien-gorge corbeille Sublim dentelle
73,39.9,Soutien-gorge push-up Rivera Line
74,9.35,Tanga Mod
75,21.0,Slip taille haute Generous Dentelle
76,16.91,Shorty Rivera Line
77,20.99,Pyjama bi-matière
78,15.75,Pyjama 2 pièces
79,17.49,Pyjama à carreaux
80,12.0,Soutien-gorge triangle sans armatures joliesse
81,12.0,Soutien-gorge foulard en dentelle
82,16.0,Soutien-gorge minimiseur brodé
83,8.99,Culotte haute en dentelle
84,6.75,Tanga en dentelle et microfibre
85,7.2,Slip en tulle brodé
86,32.49,Pyjama 3 pièces
87,22.49,Pyjacourt
88,18.74,Pyjama 2 pièces
89,27.0,Soutien-gorge emboitant Nude support
90,27.2,Soutien-gorge plongeant ampliforme Body Touch DIM
91,25.0,Soutien-gorge emboitant Flower elegance
92,13.0,Slip Nude Support
93,13.0,Slip Body Touch
94,24.15,Culotte maxi Flower Elegance
95,29.99,Pyjama
96,22.99,Pyjama 2 pièces imprimé
